1,SP-02-001,Andy Mark,AM-0255,"2.5"" CIM Motor",K. Dominguez,2013-02-06,http://www.andymark.com/CIM-motor-FIRST-p/am-0255.htm, ,
2,SP-01-001,Andy Mark,AM-0420,"2010 8"" FIRST Wheel, Rubber Treaded",K. Dominguez,2013-04-20,https://www.andymark.com/product-p/am-0420.htm, ,
3,SP-01-002,Andy Mark,AM-2116," 8"" Mecanum HD Wheel - Left",K. Dominguez,2014-01-18,http://www.andymark.com/8in-Mecanum-HD-Left-p/am-2116.htm, ,
4,SP-01-003,Andy Mark,AM-2115," 8"" Mecanum HD Wheel - Right",K. Dominguez,2014-01-18,http://www.andymark.com/8in-Mecanum-HD-Right-p/am-2115.htm, ,
5,SP-01-004,Andy Mark,AM-0970,8 inch Pneumatic Wheel,C. Granch,2014-01-18,http://www.andymark.com/product-p/am-0970.htm, ,
6,SP-02-002,Andy Mark,AM-0912,9015 Motor,K. Dominguez,2014-01-18,http://www.andymark.com/product-p/am-0912.htm, ,
7,SP-02-003,Andy Mark,AM-2235,Snow Blower motor,C. Granch,2014-01-18,http://www.andymark.com/product-p/am-2235.htm, ,
8,SP-03-001,Andy Mark,AM-0809,"Nano Tube 20, Two 500 Key Shafts, 2 motor inputs",C. Dominik,2014-01-18,http://www.andymark.com/NanoTube-p/am-0809.htm, ,
9,SP-05-001,Andy Mark,AM-0844,Battery,C. Dominik,2014-01-18,http://www.andymark.com/product-p/am-0844.htm, ,
10,SP-02-004,Andy Mark,AM-0915,PG27 Planetary Gearbox with RS775 Motor,C. Granch,2014-01-20,http://www.andymark.com/product-p/am-0915.htm, ,
11,SP-02-005,Andy Mark,AM-2193,PG188 Planetary Gearbox with RS775 Motor,C. Granch,2014-01-20,http://www.andymark.com/product-p/am-2193.htm, ,
12,SP-10-001,Andy Mark,AM-2008,Bracket for Plastic Air Tank,C. Granch,2014-01-20,http://www.andymark.com/product-p/am-2008.htm, ,
13,SP-05-002,Andy Mark,AM-0839,D-Link DAP-1522 Rev B Dual Band Wireless Bridge,C. Granch,2014-01-21,http://www.andymark.com/DAP-1522-REV-B-p/am-0839.htm, ,
14,SP-05-003,Andy Mark,AM-0865,Power Distribution Board ,C. Granch,2014-01-21,http://www.andymark.com/product-p/am-0865.htm, ,
15,SP-05-004,Andy Mark,AM-0866,Digital Sidecar,C. Granch,2014-01-21,http://www.andymark.com/product-p/am-0866.htm, ,
16,SP-05-005,Andy Mark,AM-2505,Talon - Old 2014,C. Granch,2014-01-21,http://www.andymark.com/Talon-p/am-2505.htm, ,
17,SP-05-006,Andy Mark,AM-0899,12V to 5V convertr,C. Granch,2014-01-23,http://www.andymark.com/product-p/am-0899.htm, ,
18,SP-07-001,AST Bearings,FR6ZZ,"3/8"" id Flanged, Shielded Ball Bearing",K. Dominguez,2014-01-23,http://www.astbearings.com/product.html?product=FR6ZZ, ,
19,SP-10-002,Andy Mark,AM-2005,Air Compressor (Box model),C. Granch,2014-01-23,http://www.andymark.com/product-p/am-2005.htm, ,
20,SP-10-003,McMaster-Carr,6498K294,"Stainless Steel Air Cylinder, Pivot-Mount, Spring Return, 2"" Bore, 3"" Stroke",A. Haitz,2014-01-23,http://www.mcmaster.com/, ,
21,SP-05-007,????,N/A,Compact rio,C. Dominik,2014-01-25,, ,
22,SP-05-008,Andy Mark,AM-0282,Circuit Breaker,C. Granch,2014-01-25,http://www.andymark.com/product-p/am-0282.htm, ,
23,SP-08-001,Andy Mark,AM-0077a,500 Key Hub,K. Dominguez,2014-01-25,http://www.andymark.com/product-p/am-0077a.htm, ,
24,SP-10-004,Andy Mark,AM-2259,Solenoid single,C. Granch,2014-01-25,http://www.andymark.com/product-p/am-2259.htm, ,
25,SP-11-001,McMaster-Carr,3164T16,Pulley,D. Brandon,2014-01-25,http://www.mcmaster.com/, ,
26,SP-01-005,Andy Mark,AM-2256,4 inch HiGrip Wheel,K. Dominguez,2014-01-27,https://www.andymark.com/product-p/am-2256.htm, ,
27,SP-08-002,Andy Mark,AM-0096a,500 Hex Hub,K. Dominguez,2014-01-27,http://www.andymark.com/product-p/am-0096a.htm, ,
28,SP-01-006,Bane Bots,T80P-294BO-HS4,"BaneBots Wheel, 2-7/8"" x 0.8"", 1/2"" Hex Mount, 40A, Black/Orange",K. Dominguez,2014-01-28,http://banebots.com/pc/WHB-HS4-298/T80P-294BO-HS4, ,
29,SP-07-002,Andy Mark,AM-2986," 1/2"" Hex Bore, Flanged, Heavy Duty Inner Race Shielded Ball Bearing",K. Dominguez,2014-01-28,http://www.andymark.com/Hex-Bearing-p/am-2986.htm, ,
30,SP-02-006,Vex Pro,217-3351,BAG Motor,C. Dominik,2014-02-03,http://www.vexrobotics.com/vexpro/motor-controllers/217-3351.html, ,
31,SP-02-007,Vex Pro,217-3371,Mini CIM,C. Dominik,2014-02-03,http://www.vexrobotics.com/vexpro/motor-controllers/217-3371.html, ,
32,SP-03-002,Vex Pro,2-Stage Gearbox,2 Stage Gearbox,K. Dominguez,2014-02-03,http://www.vexrobotics.com/versaplanetary.html, ,
33,SP-12-001,Andy Mark,AM-3053,Tote - Gray - 2015,K. Dominguez,2015-01-04,http://www.andymark.com/FRC-2015-p/am-3053.htm, ,
34,SP-12-002,Andy Mark,AM-3054,Tote - Yellow - 2015,K. Dominguez,2015-01-04,http://www.andymark.com/FRC-2015-p/am-3054.htm, ,
35,SP-12-003,Andy Mark,1788472,Recycle Container - 2015,K. Dominguez,2015-01-04,http://www.menards.com/main/commercial-use-supplies/waste-management/recycle/brute-32-gal-green-recycle-container-w-o-lid/p-1651970-c-6242.htm, ,
36,SP-02-008,Andy Mark,AM-2083,AndyMark 9015 Motor with Cap and Sun Gear for AM Planetary,K. Dominguez,2015-01-20,http://www.andymark.com/product-p/am-2083.htm, ,
37,SP-02-009,Andy Mark,AM-2964,NeveRest 40 Motor,K. Dominguez,2015-01-20,http://www.andymark.com/NeveRest-Motor-p/am-2964.htm, ,
38,SP-05-009,Andy Mark,AM-2857,VRM,K. Dominguez,2015-01-20,http://www.andymark.com/product-p/am-2857.htm, ,
39,SP-05-010,Andy Mark,AM-3000,NI roboRio (C Rio),K. Dominguez,2015-01-20,http://www.andymark.com/product-p/am-3000.htm, ,
40,SP-05-011,Andy Mark,AM-2856,Power Distribution Board (PDP) 2015,K. Dominguez,2015-01-20,http://www.andymark.com/product-p/am-2856.htm, ,
41,SP-05-012,Andy Mark,AM-2858,Pneumatic Control Module (PCM) 2015,K. Dominguez,2015-01-20,http://www.andymark.com/product-p/am-2858.htm, ,
42,SP-05-013,Andy Mark,AM-NA,Talon SR,K. Dominguez,2015-01-20,http://www.andymark.com/Talon-p/am-talon-discontinued.htm, ,
43,SP-05-014,Andy Mark,AM-2854,Talon SRX (Actual Model),K. Dominguez,2015-01-20,http://www.andymark.com/Talon-SRX-p/am-2854.htm, ,
44,SP-14-001,T-Slot Forming,1010,"80/20 Extrusion, 6FT",N. Gardner,2015-01-26,http://www.8020.net/T-Slot-4.asp, ,Changed from Nathan to N. Gardner
45,SP-99-001,McMaster-Carr,25-6716,80/20 Slider,P. DeVries,2015-01-26,http://www.amazon.com/80-20-25-6716-Single-Bearing/dp/B006YVZP7W/ref=sr_1_2?s=industrial&ie=UTF8&qid=1422333795&sr=1-2, ,
46,SP-04-001,Vex Pro,217-3547,VersaFrame T Gusset,K. Dominguez,2015-01-27,http://www.vexrobotics.com/vexpro/versaframe/versaframegussetsandmounts.html, ,
47,SP-04-002,Vex Pro,217-3557,Versa Chassis Gusset,K. Dominguez,2015-01-27,, ,
48,SP-04-003,Vex Pro,217-3550,VersaFrame Plus Gusset,K. Dominguez,2015-01-27,, ,
49,SP-04-004,Vex Pro,217-3555,VersaFrame 30 Degree Gusset,K. Dominguez,2015-01-27,, ,
50,SP-04-005,Vex Pro,217-3552,VersaFrame 45 Degree Gusset,K. Dominguez,2015-01-27,, ,
51,SP-04-006,Vex Pro,217-3551,VersaFrame 60 Degree Gusset,K. Dominguez,2015-01-27,, ,
52,SP-04-007,Vex Pro,217-3548,VersaFrame 90 Degree Gusset,K. Dominguez,2015-01-27,, ,
53,SP-04-008,Vex Pro,217-3556,VersaFrame 135 Degree Gusset,K. Dominguez,2015-01-27,, ,
54,SP-04-009,Vex Pro,217-3554,VersaFrame End Bearing Gusset,K. Dominguez,2015-01-27,http://www.vexrobotics.com/vexpro/versaframe/versaframegussetsandmounts.html, ,
55,SP-04-010,Vex Pro,217-3553,VersaFrame Side Bearing Gusset,K. Dominguez,2015-01-27,http://www.vexrobotics.com/vexpro/versaframe/versaframegussetsandmounts.html, ,
56,SP-04-011,Vex Pro,217-3627,VersaFrame VersaPlanetary Bearing Gusset,K. Dominguez,2015-01-27,, ,Remvoed Local File Link
57,SP-04-012,Vex Pro,217-4178,"VersaFrame 1"" Wide VersaPlanetary Parallel Mount",K. Dominguez,2015-01-27,http://www.vexrobotics.com/vexpro/versaframe/versaframegussetsandmounts.html, ,
58,SP-04-013,Vex Pro,217-4179,"VersaFrame 2"" Wide VersaPlanetary Parallel Mount",K. Dominguez,2015-01-27,, ,
59,SP-04-014,Vex Pro,217-4180,VersaFrame 150 Degree Gusset 2-pack,K. Dominguez,2015-01-27,, ,
60,SP-04-015,Vex Pro,217-4181,VersaFrame 120 Degree Gusset 2-pack,K. Dominguez,2015-01-27,, ,
61,SP-04-016,Vex Pro,217-4183,VersaFrame Face Bearing Mount 2-pack,K. Dominguez,2015-01-27,, ,
62,SP-14-002,T-Slot Forming,1010,"80/20 Extrusion, 30in",C. Dominik,2015-01-27,, ,
63,SP-14-003,T-Slot Forming,1010,"80/20 Extrusion, 20in",C. Dominik,2015-01-27,, ,
64,SP-14-004,T-Slot Forming,1010,"80/20 Extrusion, 12in",C. Dominik,2015-01-27,, ,
65,SP-14-011,T-Slot Forming,1010,"80/20 Extrusion, 68 in",C. Dominik,2015-01-27,, ,Added bogus date (between other parts)
66,SP-04-017,Vex Pro,217-4238,VersaFrame Corner Gusset,K. Dominguez,2015-01-28,, ,
67,SP-04-018,Vex Pro,217-4239,VersaFrame VersaPlanetary Side Mount,K. Dominguez,2015-01-28,, ,
68,SP-04-019,Vex Pro,217-4399,"VersaFrame Dual 0.5"" Bearing Plate",K. Dominguez,2015-01-28,, ,
69,SP-04-020,Vex Pro,217-4400,VersaFrame #35 Chain Mount 2-pack,K. Dominguez,2015-01-28,http://www.vexrobotics.com/vexpro/versaframe/versaframegussetsandmounts.html, ,
70,SP-04-021,Vex Pro,217-3432,VersaBlock Kit,K. Dominguez,2015-01-28,http://www.vexrobotics.com/vexpro/all/bearingblocks-g.html, ,
71,SP-04-022,Vex Pro,217-4399,"VersaFrame Dual 0.875"" Bearing Plate",K. Dominguez,2015-01-28,http://www.vexrobotics.com/vexpro/versaframe/versaframegussetsandmounts.html, ,
72,SP-04-023,Vex Pro,217-3453,"VersaFrame 1"" x 2"" x 0.10"" Pre-Drilled Tube Stock 59""",K. Dominguez,2015-01-28,http://www.vexrobotics.com/vexpro/versaframe/versaframestock.html, ,
73,SP-04-024,Vex Pro,217-3423,Transmission - WCP DS - Dual Speed Base Kit,K. Dominguez,2015-01-28,http://www.vexrobotics.com/vexpro/motion/gearboxes/wcp-ds.html, ,
74,SP-01-007,Vex Pro,217-2584,"4"" Omni Wheel",K. Dominguez,2015-01-30,http://www.vexrobotics.com/vexpro/motion/wheels-and-hubs/omni-wheels.html, ,
75,SP-01-008,Vex Pro,217-2588,"4"" Traction Wheel - 1"" Wide",K. Dominguez,2015-01-30,http://www.vexrobotics.com/vexpro/motion/wheels-and-hubs/traction-wheels.html, ,
76,SP-02-010,Denso,262100-3030,Window Motor,L. Furlong,2015-01-30,, ,
77,SP-04-025,Vex Pro,217-3424,Transmission - WCP DS - West Coast Drive Base Kit,K. Dominguez,2015-01-30,http://www.vexrobotics.com/vexpro/motion/gearboxes/wcp-ds.html, ,
78,SP-04-026,Vex Pro,217-3199,"VersaPulley Kit (HTD 5mm) - 42T, 18mm wide",K. Dominguez,2015-01-30,http://www.vexrobotics.com/vexpro/motion/belts-and-pulleys/htdversapulley.html, ,
79,SP-10-005,Bimba,021-DXP,"Piston, 1"" Stroke",N. Dekker,2015-01-30,, ,
80,SP-11-005,Vex Pro,217-3200,"Versa Pulley - 60T, 7mm",K. Dominguez,2015-01-30,http://www.vexrobotics.com/vexpro/motion/belts-and-pulleys/htdversapulley.html, ,
81,SP-08-003,Vex Pro,217-2592,VersaHub 1/2 inch Hex,K. Dominguez,2015-01-31,http://www.vexrobotics.com/vexpro/motion/wheels-and-hubs/versahubs.html, ,
82,SP-08-004,Vex Pro,217-2592,"VersaHub 1/2 inch Hex, Plastic",K. Dominguez,2015-01-31,http://www.vexrobotics.com/vexpro/motion/wheels-and-hubs/versahubs.html, ,
83,SP-99-002,McMaster-Carr,4698T146,Aluminum Slip-on Rail Fitting,P. DeVries,2015-01-31,http://www.mcmaster.com/, ,
84,SP-03-003,Andy Mark,P80K-4-0005,BaneBots 4:1 Gearbox,K. Dominguez,2015-02-13,http://www.banebots.com/pc/P80K-S4/P80K-4-0005, ,
85,SP-15-001,McMaster-Carr,47065T223,80/20 Right Angle Bracket,K. Dominguez,2015-02-14,http://www.mcmaster.com/, ,
86,SP-15-002,McMaster-Carr,47065T182,"80/20 Tee, 5 Hole, 1""",K. Dominguez,2015-02-15,http://www.mcmaster.com/, ,
87,SP-01-010,Bane Bots,T40P-293BG-HS4,"BaneBots Wheel, 2-7/8"" x 0.4"", 1/2"" Hex Mount, 30A, Black/Green ",P. DeVries,2015-02-21,http://banebots.com/pc/WHB-WS-294/T40P-293BG-HS4, ,Changed from Peter DeVries to P. DeVries
88,SP-07-004,Andy Mark, AM-0030,"1/2"" id Flanged, Shielded Ball Bearing",K. Dominguez,2015-02-21,http://www.andymark.com/product-p/am-0030.htm, ,
89,SP-16-001,Vex Pro,217-3261,"1/2"" Acetal Spacer - 1/2"" Hex",N. Dekker,2015-02-21,http://www.vexrobotics.com/acetalspacers.html, ,
90,SP-09-001,Andy Mark,AM-0233,S25-32L Aluminum Sprocket,K. Dominguez,2015-03-07,http://www.andymark.com/product-p/am-0233.htm, ,
91,SP-09-002,Andy Mark,AM-0234,S25-36L Aluminum Sprocket,K. Dominguez,2015-03-07,http://www.andymark.com/product-p/am-0234.htm, ,
92,SP-09-003,Andy Mark,AM-0235,S25-42L Aluminum Sprocket,K. Dominguez,2015-03-07,http://www.andymark.com/product-p/am-0235.htm, ,
93,SP-09-004,Andy Mark,AM-0238,S25-66L Aluminum Sprocket,K. Dominguez,2015-03-07,http://www.andymark.com/product-p/am-0238.htm, ,
94,SP-09-005,Andy Mark,AM-0646,S25-22HA-500-Hex Sprocket,K. Dominguez,2015-03-07,http://www.andymark.com/product-p/am-0646.htm, ,
95,SP-09-006,Andy Mark,AM-0277,S25-16HA-500K Aluminum Sprocket,K. Dominguez,2015-03-07,http://www.andymark.com/product-p/am-0277.htm, ,
96,SP-15-003,McMaster-Carr,47065T175,"80/20 Right Angle Bracket 2""",K. Dominguez,2015-03-07,http://www.mcmaster.com/, ,
97,SP-16-002,Vex Pro,217-2758,"1/8"" Acetal Spacer - 1/2"" Hex",K. Dominguez,2015-03-07,http://www.vexrobotics.com/217-2758.html, ,
98,SP-16-003,Vex Pro,217-3263,"1"" Acetal Spacer - 1/2"" Hex",K. Dominguez,2015-03-07,http://www.vexrobotics.com/acetalspacers.html, ,
99,SP-17-001,Andy Mark,AM-1238,"Collar Clamp, 1/2"" Hex Bore, Aluminum",K. Dominguez,2015-03-07,http://www.andymark.com/product-p/am-1238.htm, ,
100,SP-17-002,Vex Pro,217-2737,"Clamping Shaft Collars, 1/2"" Hex",K. Dominguez,2015-03-07,http://www.vexrobotics.com/shaft-collars.html, ,
101,SP-99-004,ViAir,90,VIAIR Air Compressor,K. Dominguez,2015-03-07,http://www.viaircorp.com/90C.html, ,
102,SP-14-012,McMaster-Carr,47065T209,"80/20 1x1 Basic Extrusion, 2ft",K. Dominguez,2015-03-15,http://www.mcmaster.com/, ,
103,SP-05-020,Omega,N/A,Solinoid,R. Carranza,2015-11-10,, ,Remvoed Local File Link
104,SP-03-004,Andy Mark,AM-0689L,"Nano Tube 31, Left, Three 1/2"" Key Shafts, 25 Chain Drive",K. Dominguez,2016-01-18,http://www.andymark.com/product-p/am-0689l.htm, ,
105,SP-03-005,Andy Mark,AM-0689R,"Nano Tube 31, Right, Three 1/2"" Key Shafts, 25 Chain Drive",K. Dominguez,2016-01-18,http://www.andymark.com/product-p/am-0689r.htm, ,
106,SP-03-018,Vex Pro,217-4824-016,Versa Drop (Butterfly) - Drop Mount and Piston,K. Dominguez,2016-01-23,http://www.vexrobotics.com/217-4824.html, ,
107,SP-11-002,Vex Pro,214-3227,Timing Pully - 24T 9mm,K. Dominguez,2016-01-25,http://www.vexrobotics.com/vexpro/motion/belts-and-pulleys/htdpulleys.html, ,
108,SP-11-003,Vex Pro,217-3249,"Versa Pully - 60T, 7mm",K. Dominguez,2016-01-25,http://www.vexrobotics.com/vexpro/motion/belts-and-pulleys/htdversapulley.html, ,
109,SP-11-004,Vex Pro,217-3200,"Versa Pully - 60T, 18mm",K. Dominguez,2016-01-26,http://www.vexrobotics.com/vexpro/motion/belts-and-pulleys/htdversapulley.html, ,
110,SP-01-011,Bane Bots,T40P-193BG-HS4,bane bots 1-7/8 x 1/4 hex mount,B. Long,2016-01-30,http://www.banebots.com/product/T40P-193BG-HS4.html, ,
111,SP-09-007,Andy Mark,AM-0749,S25-16HA-500-Hex Sprocket,Y. Ghebreyesus,2016-01-30,http://www.andymark.com/product-p/am-0749.htm, ,
112,SP-09-008,Andy Mark,AM-2182,"S25-16HA-394K Sprocket, 25 Series, 16 tooth, 10mm Key Bore",R. Carranza,2016-02-05,http://www.andymark.com/product-p/am-2182.htm, ,
113,SP-02-012,Bane Bots,M5-RS550-12,RS550 Motor - 12V,Y. Ghebreyesus,2016-02-06,http://www.banebots.com/product/M5-RS550-12.html, ,
114,SP-03-006,Andy Mark,AM-2877,Banebots P60 64:1 Gearbox w/ Motor Block & Mounting Kit,Y. Ghebreyesus,2016-02-06,http://www.andymark.com/Banebots-p/am-2877.htm, ,
115,SP-15-004,McMaster-Carr,1513A14,Banebots P60 64:1 Gearbox w/ Motor Block & Mounting Kit,L. Furlong,2016-02-06,http://www.mcmaster.com/, ,
116,SP-08-005,Vex Pro,217-2590,"VersaHub 1/2"" Round w/ 1/8"" Keyway",K. Dominguez,2016-02-09,http://www.vexrobotics.com/vexpro/motion/wheels-and-hubs/versahubs.html, ,
117,SP-11-006,Vex Pro,217-3199,"VersaPulley Kit (HTD 5mm) - 42T, 11mm wide",K. Dominguez,2016-02-09,, ,Remvoed Local File Link
118,SP-11-007,Vex Pro,217-3225,"Timing Pulley (HTD 5mm) - 18T, 9mm Double Flange, 1/2"" Hex",K. Dominguez,2016-02-09,http://www.vexrobotics.com/vexpro/motion/belts-and-pulleys/htdpulleys.html, ,
119,SP-01-012,Bane Bots,T81P-393BG,"BaneBots Wheel, 3-7/8"" x 0.4"", 1/2"" Hex Mount, 30A, Black/Green ",K. Dominguez,2016-02-11,http://www.banebots.com/product/T81P-393BG.html, ,
120,SP-10-015,Bimba,SR-047-DP-00MC,"Piston, 7"" Stroke",C. Dominik,2016-02-11,http://www.bimba.com/, ,
121,SP-03-007,Bane Bots,P60S-555-5,"Standard, 132:1, For RS-500 Motor",K. Dominguez,2016-02-12,http://www.banebots.com/product/P60S-555-5.html, ,
122,SP-01-013,Andy Mark,AM-3316,"6"" Plaction Wheel with Blue Nitrile Tread",R. Carranza,2016-02-13,http://www.andymark.com/Plaction-p/am-3316.htm, ,
123,SP-10-016,McMaster-Carr,6471K228,"Air Cylinder, 1in Bore, 7.5in Stroke",B. Long,2016-02-13,http://www.mcmaster.com/, ,
124,SP-10-017,McMaster-Carr,6498K861,"Air Cylinder, 3/4in Bore, 7in Stroke",C. Dominik,2016-02-13,http://www.mcmaster.com/, ,
125,SP-11-008,Vex Pro,217-3228,"Timing Pulley (HTD 5mm) - 24T, 15mm Double Flange, 1/2"" Hex",K. Dominguez,2016-02-13,http://www.vexrobotics.com/vexpro/motion/belts-and-pulleys/htdpulleys.html, ,
126,SP-16-004,Vex Pro,275-1066,"1/8"" Nylon Spacer - 1/2"" Hex",S. Tefera,2016-02-13,http://www.vexrobotics.com/vexedr/products/accessories/motion/shafts-and-hardware.html, ,
127,SP-16-005,Vex Pro,275-1066,"1/4"" Nylon Spacer - 1/2"" Hex",S. Tefera,2016-02-13,http://www.vexrobotics.com/vexedr/products/accessories/motion/shafts-and-hardware.html, ,
128,SP-16-006,Vex Pro,275-1066,"3/8"" Nylon Spacer - 1/2"" Hex",S. Tefera,2016-02-13,http://www.vexrobotics.com/vexedr/products/accessories/motion/shafts-and-hardware.html, ,
129,SP-05-021,Vex Pro,217-4244,Power Distribution Board 2016,L. Furlong,2016-02-16,http://www.vexrobotics.com/217-4244.html, ,
130,SP-05-022,Vex Pro,217-4245,Voltage Regulator Module,L. Furlong,2016-02-16,http://www.vexrobotics.com/217-4245.html, ,
131,SP-02-013,Vex Pro,217-3562,"Base VersaPlanetary 1:1 with 1/2"" with 1/8"" Keyway Round Output",Y. Ghebreyesus,2016-02-19,http://www.vexrobotics.com/versaplanetary.html, ,
132,SP-03-008,Vex Pro,217-3562,Gear Box,Y. Ghebreyesus,2016-02-20,http://www.vexrobotics.com/versaplanetary.html, ,
133,SP-05-023,Open-Mesh,OM5P-AN,Dual Band 2x2 450 Mbps Access Point,K. Dominguez,2016-03-05,http://www.open-mesh.com/om5p-an.html, ,
134,SP-03-009,Vex Pro,217-3423-003,WDP - Transmission Shaft,S. Tefera,2016-11-08,http://www.vexrobotics.com/wcp-ds.html, ,
135,SP-03-010,????,????,????,U. Unknown,2017-01-09,, ,
136,SP-03-011,Bane Bots,BB220S-444-4,"Building Block 220 Gearbox: Standard 641, 1 CIM Mount",B. Long,2017-01-09,http://www.banebots.com/product/BB220S-444-4.html, ,
137,SP-08-006,Andy Mark,AM-0976,.500 Inch Cicular Hub,S. Wang,2017-01-10,http://www.andymark.com/Hub-p/am-0976.htm, ,
138,SP-01-014,Vex Pro,217-3644,"Left 4"" mecanum wheel",B. Long,2017-01-14,http://www.vexrobotics.com/mecanum-wheels.html, ,
139,SP-01-015,Vex Pro,???,????,B. Long,2017-01-14,http://www.vexrobotics.com/mecanum-wheels.html, ,
140,SP-03-012,Vex Pro,217-4824,Butterfly drive - All Parts (Not moveable),B. Long,2017-01-14,http://www.vexrobotics.com/217-4824.html, ,
141,SP-03-013,Vex Pro,217-3421,WCP SS - Single Speed Base Kit,S. Wang,2017-01-14,http://www.vexrobotics.com/wcp-ss.html, ,
142,SP-06-001,Vex Pro,217-2690, Plate Sprocket - 32t,S. Wang,2017-01-14,http://www.vexrobotics.com/25-sprockets.html, ,
143,SP-07-005,Vex Pro,18635A54,Large-Diameter Ring-Style Turntable,S. Wang,2017-01-14,https://www.mcmaster.com/, ,
144,SP-07-006,Vex Pro,217-3875,Flanged Bearing - 0.500in (Hex) x 1.125in x 0.313in v2,S. Wang,2017-01-14,, ,Remvoed Local File Link
145,SP-08-007,Vex Pro,217-4009,"VersaHub (1/2"" Hex, Plastic)",S. Wang,2017-01-14,http://www.vexrobotics.com/versahubs.html, ,
146,SP-14-013,Vex Pro,217-3309,"1/2"" Hex Stock (18 inches)",S. Wang,2017-01-14,http://www.vexrobotics.com/shaft-stock.html, ,
147,SP-14-014,Vex Pro,217-3421-005,Spacing on 217-3421,S. Wang,2017-01-14,http://www.vexrobotics.com/wcp-ss.html, ,
148,SP-01-016,Vex Pro,217-2903,VersaWheel (4''),R. Rietveld,2017-01-16,http://www.vexrobotics.com/217-2903.html, ,
149,SP-02-014,Vex Pro,217-2000,CIM Motor,R. Rietveld,2017-01-16,http://www.vexrobotics.com/217-2000.html, ,
150,SP-06-002,Vex Pro,217-2614,12t CIM Motor Gear with Mounting Hardware,R. Rietveld,2017-01-16,http://www.vexrobotics.com/217-2614.html, ,
151,SP-06-003,Vex Pro,217-3223,"66t Gear with 1/2"" Hex Bore & VersaKeys",R. Rietveld,2017-01-16,http://www.vexrobotics.com/1-2-hex-bore.html, ,
152,SP-06-005,McMaster-Carr,6843K13,15 tooth/90 degree miter gear,H. Fieldhouse,2017-01-16,https://www.mcmaster.com/, ,
153,SP-09-009,Vex Pro,217-2642,"#25 Sprocket w/ Hub - 16t - 1/2"" Hex ID",R. Rietveld,2017-01-16,http://www.vexrobotics.com/25-sprockets.html, ,
154,SP-16-007,Vex Pro,217-3257,"1/16"" Acetal Spacer - 1/2"" Hex",R. Rietveld,2017-01-16,http://www.vexrobotics.com/acetalspacers-vexpro.html, ,
155,SP-17-003,Vex Pro,217-4106,"High Strength Clamping Shaft Collar - 1/2"" Hex ID",R. Rietveld,2017-01-16,http://www.vexrobotics.com/shaft-collars.html, ,
156,SP-99-006,80/20 INC,4340,15 Series & Ready Tube 5 Hole - Tee Flat Plate,S. Wang,2017-01-16,https://8020.net/shop/4340.html, ,
157,SP-99-007,80/20 INC,45-4351,45 Series 5 Hole - 90 Degree Angled Flat Plate,H. Fieldhouse,2017-01-16,https://8020.net/45-4351.html, ,
158,SP-02-015,Vex Pro,217-4347,775 VexPro Motor,D. Brandon,2017-01-17,http://www.vexrobotics.com/217-4347.html, ,
159,SP-03-014,Vex Pro,Multiple,"10:1, Planetary, For 775, With Motor, Hex Output",D. Brandon,2017-01-17,http://www.vexrobotics.com/versaplanetary.html, ,
160,SP-06-004,Vex Pro,217-3344,15T Bevel Gear,B. Long,2017-01-17,http://www.vexrobotics.com/vexpro/motion/217-3344.html, ,
161,SP-01-017,Bane Bots,T40P-243BG-HS4,"BaneBots Wheel, 2-3/8"" x 0.4"", 1/2"" Hex Mount, 30A, Black/Green",S. Wang,2017-01-19,http://www.banebots.com/product/T40P-243BG-HS4.html, ,
162,SP-03-015,Vex Pro,217-4975,"Rough Model Base VersaPlanetary v2 1:1 with 1/2"" with 1/8"" Keyway Round Outpu",S. Wang,2017-01-19,http://www.vexrobotics.com/versaplanetary.html, ,
163,SP-03-016,Vex Pro,217-4008,1/2 inch shaft coupler,J. Bassett,2017-01-19,, ,Remvoed Local File Link
164,SP-08-008,Vex Pro,2590,"Hub, 1/2 Round Shaft",D. Brandon,2017-01-20,, ,Remvoed Local File Link
165,SP-01-018,Bane Bots,T40P-173BG-HS4,"BaneBots Wheel, 1-5/8"" x 0.4"", 1/2"" Hex Mount, 30A, Black/Green",S. Wang,2017-01-21,http://www.banebots.com/product/T40P-173BG-HS4.html, ,
166,SP-03-017,Vex Pro,214-2894-STEP,"3/8"" hex output gearbox",S. Tefera,2017-01-21,, ,Remvoed Local File Link
167,SP-03-019,Vex Pro,217-4824-015,Versa Drop (Butterfly) - Pivot Assembly,K. Dominguez,2017-01-23,http://www.vexrobotics.com/217-4824.html, ,
168,SP-05-024,Andy Mark,AM-2854,Talon SRX (Block Model),K. Dominguez,2017-01-24,http://www.andymark.com/Talon-SRX-p/am-2854.htm, ,
169,SP-15-005,80/20 INC,25-4151,5 Hole - 90 Degree Angled Flat Plate,B. Long,2017-01-26,https://8020.net/shop/25-4151.html, ,
170,SP-10-018,Andy Mark,AM-2005,"Air Compressor(Volume Model, more accurate)",S. Wang,2017-01-27,http://www.andymark.com/product-p/am-2005.htm, ,
171,SP-12-004,Andy Mark,?????,?????,U. Unknown,2017-01-28,, ,
172,SP-12-005,Andy Mark,am-3302,gear,H. Fieldhouse,2017-01-28,http://www.andymark.com/product-p/am-gear.htm, ,
173,SP-10-019,Bimba,SR-042,"air cylinder, 3/4 in. bore, 2in. stroke",H. Fieldhouse,2017-01-30,http://www.bimba.com/en/Products-and-Cad/Actuators/Inch/Round-Line/Non-Repairable/Original-Line-Cylinder/?searchRef=yes&pn=SR-042, ,
174,SP-15-008,McMaster-Carr,11955A73,narrow profile screw mount lift-off hinge,H. Fieldhouse,2017-01-30,https://www.mcmaster.com/, ,
175,SP-01-019,Bane Bots,T81P-394BO,"3-7/8"" wheels",D. Brandon,2017-01-31,, ,Remvoed Local File Link
176,SP-03-020,Vex Pro,Multiple,775 Motor 1 stage gearbox,D. Brandon,2017-01-31,http://www.vexrobotics.com/versaplanetary.html, ,
177,SP-03-021,Vex Pro,Multiple,775 Motor 2 stage,D. Brandon,2017-01-31,http://www.vexrobotics.com/versaplanetary.html, ,
178,SP-03-022,Vex Pro,Multiple,775 Motor 3 stage gearbox,D. Brandon,2017-01-31,http://www.vexrobotics.com/versaplanetary.html, ,
179,SP-03-023,Vex Pro,Multiple,775 Motor 4 stage gearbox,D. Brandon,2017-01-31,http://www.vexrobotics.com/versaplanetary.html, ,
180,SP-06-006,Vex Pro,217-3227,timing pulley,D. Brandon,2017-01-31,, ,Remvoed Local File Link
181,SP-06-007,Vex Pro,217-2737,clamping collar 1/2 Hex,D. Brandon,2017-01-31,, ,Remvoed Local File Link
182,SP-08-009,Vex Pro,217-4008,Hex Shaft Coupler 1/2 to 1/2 inch,D. Brandon,2017-02-01,, ,Remvoed Local File Link
183,SP-02-016,HiTech Multiplex,HS-322HD,servo fuel tank,J. Bassett,2017-02-04,, ,Remvoed Local File Link
184,SP-03-024,Vex Pro,217-4824-015,Versa Drop (Butterfly) - Pivot Assemble (Left Side),D. Brandon,2017-02-06,, ,Remvoed Local File Link
185,SP-10-020,Andy Mark,AM-2649,Air Tank - 574 ml - Plastic,K. Dominguez,2017-02-08,http://www.andymark.com/product-p/am-2649.htm, ,
186,SP-10-021,Andy Mark,AM-2008,Bracket For Plastic Air Tank,K. Dominguez,2017-02-08,http://www.andymark.com/product-p/am-2008.htm, ,
187,SP-01-020,Vex Pro,217-4824-015,Versa Drop (butterfly) - Pivot Assembly-Right,S. Tefera,2017-02-09,http://www.vexrobotics.com/217-4824.html, ,
188,SP-10-022,McMaster-Carr,60645K311,Ball Rode End Female,U. Unknown,2017-02-09,https://www.mcmaster.com/, ,
189,SP-10-023,Bimba,D-12321-A,Brakets for nuematic,S. Wang,2017-02-09,http://www.bimba.com/Global/Library/Catalogs/Bimba Catalogs/FL_OriginalLine.pdf, ,
190,SP-15-009,Heli-Cal,9942-16-16,Helical flexured u joint,B. Long,2017-02-09,, ,Remvoed Local File Link
191,SP-05-025,Andy Mark,am-0282,Circuit Breaker,D. Brandon,2017-02-10,http://www.andymark.com/120-amp-robot-main-circuit-breaker-p/am-0282.htm, ,
192,SP-15-010,Vex Pro,217-4238,Corner Gusset,D. Brandon,2017-02-10,http://www.vexrobotics.com/versaframegussetsandmounts.html, ,
193,SP-15-011,McMaster-Carr,47065T236,"Bracket, 1"" Long for 1"" High Single Profile Aluminum T-Slotted Framing Extrusion",K. Dominguez,2017-02-10,https://www.mcmaster.com/, ,
194,SP-15-012,McMaster-Carr,15205A86,"5"" spring hinge plate",B. Long,2017-02-11,https://www.mcmaster.com/, ,
195,SP-17-004,Vex Pro,217-2737,1/2 inch hex clamping collar,R. Rietveld,2017-02-11,http://www.vexrobotics.com/shaft-collars.html, ,
196,SP-10-024,McMaster-Carr,62185K64,Small Cylinder,D. Brandon,2017-02-13,https://www.mcmaster.com/, ,
197,SP-07-008,Andy Mark,AM-0028,"3/8"" id Flanged, Shielded Ball Bearing (FR6ZZ)",K. Dominguez,2017-02-17,http://www.andymark.com/FR6ZZ-3-8-inch-ID-Flanged-Shielded-Bearing-p/am-0028.htm, ,
198,SP-03-025,Vex Pro,217-4973,"VersaPlanetry V2 Output Shaft, 1/2 Hex",K. Dominguez,2017-02-18,http://www.vexrobotics.com/vexpro/motion/gearboxes/versaplanetary.html, ,
199,SP-10-025,Bimba,H-1-1,Pneumatic Air Cylinder - Body,B. Long,2017-02-18,http://www.bimba.com/Products-and-Cad/Actuators/Inch/Compact/Low-Profile/Single-Acting-Air-Clamps/, ,
200,SP-10-026,Bimba,H-1-2,Pneumatic Air Cylinder - Shaft,B. Long,2017-02-18,http://www.bimba.com/Products-and-Cad/Actuators/Inch/Compact/Low-Profile/Single-Acting-Air-Clamps/, ,
201,SP-10-027,Bimba,H-1,Pneumatic Air Cylinder - 5/16 Shaft,B. Long,2017-02-18,http://www.bimba.com/Products-and-Cad/Actuators/Inch/Compact/Low-Profile/Single-Acting-Air-Clamps/, ,
202,SP-07-007,McMaster-Carr,57155K323,"Flanged Double Shielded, for 1/4"" Shaft Diameter, 1/2"" OD",K. Dominguez,2017-02-19,https://www.mcmaster.com/, ,
203,SP-07-009,McMaster-Carr,2706T15,Radical Thrust Bearing,D. Brandon,2017-02-19,https://www.mcmaster.com/, ,
204,SP-10-028,McMaster-Carr,62185K12,Short-Stroke Clamping Air Cylinder,D. Brandon,2017-02-19,https://www.mcmaster.com/, ,
205,SP-13-001,McMaster-Carr,91251A340,"#10 Hex Screw, 3/8"" Long",D. Brandon,2017-02-19,https://www.mcmaster.com/, ,
206,SP-13-002,McMaster-Carr,91251A345,"#10 Hex Screw, 3/4""",D. Brandon,2017-02-19,https://www.mcmaster.com/, ,
207,SP-13-003,McMaster-Carr,90631A411,#10 Hex Lock Nut,D. Brandon,2017-02-19,https://www.mcmaster.com/, ,
208,SP-13-004,McMaster-Carr,91255A265,"#10 Button Head Screw, 3/8""",D. Brandon,2017-02-19,https://www.mcmaster.com/, ,
209,SP-17-005,Vex Pro,217-2738,"Clamping Shaft Collar - 3/8"" Round ID",K. Dominguez,2017-02-19,http://www.vexrobotics.com/shaft-collars.html, ,
210,SP-17-006,????,???,"Clamping Shaft Collar - 1/4"" Round ID",K. Dominguez,2017-02-19,, ,Removed Bad Link
211,SP-10-030,McMaster-Carr,5779K143,Push-to-Connect Tube Fitting for Air,B. Long,2017-02-20,https://www.mcmaster.com/, ,
212,SP-10-031,McMaster-Carr,6648K912,10-029 incl extension,B. Long,2017-02-20,https://www.mcmaster.com/, ,
213,SP-13-005,McMaster-Carr,91255A537,"Button Head Screw, 1/4-20, 0.5 inch",D. Brandon,2017-02-20,https://www.mcmaster.com/, ,
214,SP-17-007,Vex Pro,217-2736,"Clamping Shaft Collar - 1/2"" Round ID",K. Dominguez,2017-02-20,http://www.vexrobotics.com/shaft-collars.html, ,
215,SP-16-008,Vex Pro,217-3256,"1/8"" Acetal Spacer - 3/8"" Hex",K. Dominguez,2017-02-21,http://www.vexrobotics.com/acetalspacers-vexpro.html, ,
216,SP-10-032,McMaster-Carr,7391K67,Round Body Air Cylinder,D. Brandon,2017-02-23,https://www.mcmaster.com/, ,
217,SP-10-033,McMaster-Carr,7391K12,"Rod Clevis with Pin for 9/16"" & 7/8"" Bore Brass Impact-Resistant Round Body Air Cylinder",D. Brandon,2017-02-23,https://www.mcmaster.com/, ,
218,SP-10-034,McMaster-Carr,6498K72,"Pivot Bracket with Pin for 3/4"" & 1-1/16"" Bore Round Body Air Cylinder",D. Brandon,2017-02-23,https://www.mcmaster.com/, ,
219,SP-10-035,McMaster-Carr,6498K635,"Round Body Air Cylinder, Double-Acting, Universal Mount, 3/4"" Bore Size, 3"" Stroke",D. Brandon,2017-02-23,https://www.mcmaster.com/, ,
220,SP-13-006,McMaster-Carr,91253A144,"Black-Oxide Alloy Steel Hex Drive Flat Head Screw, #6-32 1/4""",D. Brandon,2017-02-23,https://www.mcmaster.com/, ,
221,SP-13-007,McMaster-Carr,91253A162,"Black-Oxide Alloy Steel Hex Drive Flat Head Screw, #6-40, 1/2""",D. Brandon,2017-02-23,https://www.mcmaster.com/, ,
222,SP-13-008,McMaster-Carr,91253A148,"Black-Oxide Alloy Steel Hex Drive Flat Head Screw, #6-32 1/2""",D. Brandon,2017-02-23,https://www.mcmaster.com/, ,
223,SP-13-009,McMaster-Carr,91253A146,"Black-Oxide Alloy Steel Hex Drive Flat Head Screw, #6-32 3/8""",D. Brandon,2017-02-23,https://www.mcmaster.com/, ,
224,SP-13-010,McMaster-Carr,91253A150,"Black-Oxide Alloy Steel Hex Drive Flat Head Screw, #6-32 5/8""",D. Brandon,2017-02-23,https://www.mcmaster.com/, ,
225,SP-13-011,McMaster-Carr,91253A003,"Black-Oxide Alloy Steel Hex Drive Flat Head Screw, #10-32 1/2""",D. Brandon,2017-02-23,https://www.mcmaster.com/, ,
226,SP-13-012,McMaster-Carr,91253A194,"Black-Oxide Alloy Steel Hex Drive Flat Head Screw, #8-32 1/2""",D. Brandon,2017-02-23,https://www.mcmaster.com/, ,
227,SP-07-010,McMaster-Carr,57155K338,"Flanged Double Shielded with Ring, for 5/16"" Shaft Diameter",K. Dominguez,2017-02-24,https://www.mcmaster.com/, ,
228,SP-10-036,McMaster-Carr,6498K655,"Round Body Air Cylinder, Double-Acting, Universal Mount, 1-1/16"" Bore, 3"" Stroke",D. Brandon,2017-02-24,https://www.mcmaster.com/, ,
229,SP-10-037,McMaster-Carr,6498K72,"Pivot Bracket with Pin for 3/4"" & 1-1/16"" Bore Round Body Air Cylinder",D. Brandon,2017-02-24,https://www.mcmaster.com/, ,
230,SP-10-038,McMaster-Carr,60645K331,"Steel Ball Joint Rod End, 5/16""-24 RH Female Shank, 5/16"" Ball ID, 11/16"" Long Thread",D. Brandon,2017-02-24,https://www.mcmaster.com/, ,
231,SP-15-013,McMaster-Carr,15205A14-Half,"Self-Closing, Steel with Zinc Finish, with Holes, 5"" High Leaf - Half",K. Dominguez,2017-02-27,https://www.mcmaster.com/, ,
232,SP-15-014,McMaster-Carr,15205A14,"Self-Closing, Steel with Zinc Finish, with Holes, 5"" High Leaf - Assy",K. Dominguez,2017-02-27,https://www.mcmaster.com/, ,
233,SP-13-013,McMaster-Carr,90016A021,Brass Tapping Inserts for Hardwood - 10-32,K. Dominguez,2017-03-03,https://www.mcmaster.com/, ,
234,SP-99-008,McMaster-Carr,9657K464,"Zinc-Plated Music Wire, 4.00"" Long,.875"" OD,.120"" Wire",S. Wang,2017-03-03,https://www.mcmaster.com/, ,
235,SP-02-017,HiTech Multiplex,33322S,HS-322HD Standard Heavy Duty Servo,K. Dominguez,2017-03-08,http://hitecrcd.com/products/servos/sport-servos/analog-sport-servos/hs-322hd-standard-heavy-duty-servo/product, ,
236,SP-02-018,Servo City,638394,A model of a 127 RPM mini motor,B. Long,2017-10-28,https://www.servocity.com/127-rpm-mini-econ-gear-motor, ,
237,SP-06-008,Andy Mark,am-2362,"Worm, 4T, OD.5, 1"" length, .313 hex",B. Long,2017-10-28,http://www.andymark.com/product-p/am-2362.htm, ,
238,SP-11-009,Vex Pro,217-3200,"60t x 18mm Wide VersaPulley Kit (HTD 5mm, VersaKeys)",B. Long,2017-10-28,https://www.vexrobotics.com/htdversapulley.html, ,
239,SP-02-019,Servo City,638356,485 rpm micro motor,B. Long,2017-11-09,https://www.servocity.com/485-rpm-econ-gear-motor, ,
240,SP-14-016,McMaster-Carr,5537T101,80-20 2 Ft.,A. Yanney,2018-01-11,https://www.mcmaster.com/, ,
241,SP-09-010,Andy Mark,AM-0277,S25-16HA-500K AL Sprocket (16 tooth),B. Long,2018-01-12,https://www.andymark.com/Sprocket-p/am-0277.htm, ,
242,SP-09-011,Andy Mark,AM-0280,22 tooth al sprocket .5 id,B. Long,2018-01-12,https://www.andymark.com/Sprocket-p/am-0280.htm, ,
243,SP-06-009,McMaster-Carr,6325K65,Metal Gear 14-1/2 Degree Pressure Angle,A. Yanney,2018-01-13,https://www.mcmaster.com/, ,
244,SP-06-010,McMaster-Carr,5170T1,Metal Gear Rack 14-1/2 Degree Pressure Angle,A. Yanney,2018-01-13,https://www.mcmaster.com/, ,
245,SP-10-039,McMaster-Carr,62245K182,"Flexible-Mount Air Cylinder - 1.25 Bore, .75 Stroke",R. Rietveld,2018-01-13,https://www.mcmaster.com/, ,
246,SP-15-015,McMaster-Carr,60645K331,"Ball Joint Rod End, 5/16""-24 Thread, Right Hand",R. Rietveld,2018-01-13,https://www.mcmaster.com/, ,
247,SP-18-001,McMaster-Carr,1609A23,"5052 Aluminum Surface-Mount Hinge - 4X2, T = .12 - Assy",R. Rietveld,2018-01-13,https://www.mcmaster.com/, ,
248,SP-18-002,McMaster-Carr,1609A23,"5052 Aluminum Surface-Mount Hinge - 4X2, T = .12  - Pin",R. Rietveld,2018-01-13,https://www.mcmaster.com/, ,
249,SP-18-003,McMaster-Carr,1609A23,"5052 Aluminum Surface-Mount Hinge - 4X2, T = .12 - Not Pin",R. Rietveld,2018-01-13,https://www.mcmaster.com/, ,
250,SP-01-021,Andy Mark,am-3026R,"4'' HD Mecanum, Single Right",R. Rietveld,2018-01-15,http://www.andymark.com/product-p/am-3026r.htm, ,
251,SP-02-020,Vex Pro,217-4347,VEX 775pro Motor,T. Qu,2018-01-15,https://www/vexrobotics.com/217-4347.html, ,
252,SP-09-012,McMaster-Carr,6280K321,"Roller Chain Sprocket, 35 Chain, 10 T",B. Long,2018-01-15,https://www.mcmaster.com/, ,
253,SP-18-004,McMaster-Carr,1549A57,304 Stainless Steel Hinge,T. Qu,2018-01-15,http://www.mcmaster.com/, ,
254,SP-18-005,McMaster-Carr,1549A44,Surface-Mount Hinge with Holes,T. Qu,2018-01-15,http://www.mcmaster.com/, ,
255,SP-99-010,McMaster-Carr,11435A28,Lever Drawer Release,A. Yanney,2018-01-15,https://www.mcmaster.com/, ,
256,SP-05-027,Andy Mark,AM-3829,LIDAR Lite 3,D. Fieldhouse,2018-01-19,http://www.andymark.com/product-p/am-3829.htm, ,
257,SP-08-011,Andy Mark,am-0096a,500 hex hub,A. Yanney,2018-01-19,http://www.andymark.com/Hub-p/am-0096a.htm, ,
258,SP-01-022,Vex Pro,217-2588-T-1.5,"4"" Traction Wheel - 1.5"" Wide",K. Dominguez,2018-01-20,https://www.vexrobotics.com/vexpro/motion/wheels-and-hubs/traction-wheels.html, ,
259,SP-01-023,Vex Pro,217-2859-W,"4"" Traction Tire - 0.5"" Wide",K. Dominguez,2018-01-20,https://www.vexrobotics.com/vexpro/motion/wheels-and-hubs/traction-wheels.html, ,
260,SP-01-024,Vex Pro,217-2859,"4"" Traction Tire Assy - 1.5"" Wide",K. Dominguez,2018-01-20,https://www.vexrobotics.com/vexpro/motion/wheels-and-hubs/traction-wheels.html, ,
261,SP-06-011,Servo City,615206,"1/2"" Bore 32 Pitch Aluminum Hub Gear",A. Yanney,2018-01-20,https://www.servocity.com/32-pitch-50-bore-aluminum-hub-gears, ,
262,SP-13-014,McMaster-Carr,90077A245,Combination Slotted/Phillips Rounded Head Screws,A. Yanney,2018-01-20,https://www.mcmaster.com/, ,
263,SP-13-015,McMaster-Carr,92115A217,Round Head Blunt Screw,A. Yanney,2018-01-20,https://www.mcmaster.com/, ,
264,SP-13-016,McMaster-Carr,92115A219,Longer Round Head Blunt Screw,A. Yanney,2018-01-20,https://www.mcmaster.com/, ,
265,SP-05-028,Digi-Key,63R256,ENCODER OPTICAL 256PPR PC MNT,A. Yanney,2018-01-23,https://www.digikey.com/product-detail/en/grayhill-inc/63R256/GH3070-ND/304479, ,
266,SP-01-025,Andy Mark,am-3480,"4"" Compliant Wheels",M. Schroeder,2018-02-01,http://www.andymark.com/4-Compliant-Wheels-p/am-4compliant.htm, ,
267,SP-07-011,McMaster-Carr,6031K21,"Unlubricated Turntable, Round, 750 lb. Capacity, 9.12"" OD, Galvanized Steel",B. Long,2018-02-01,https://www.mcmaster.com/, ,
268,SP-07-012,VXB, 608-2RS Ball Bearing,Skateboard Bearing,D. Brandon,2018-02-01,http://www.vxb.com/Skateboard-inline-Skate-rollerblade-hockey-One-p/2ISB-1.htm?gclid=EAIaIQobChMIi5DhwaSG2QIVS01-Ch0f-QwMEAQYBCABEgKB_fD_BwE, ,
269,SP-10-040,Bimba,SR-042DP,"Air cylinder, 3/4"" in. bore, 2in. stroke w/pivot point",T. Qu,2018-02-02,http://www.bimba.com/en/Products-and-Cad/Actuators/Inch/Round-Line/Non-Repairable/Original-Line-Cylinder/?searchRef=yes&pn=SR-042, ,
270,SP-12-006,Andy Mark,Power-Up-Cube,Power Cube for 2018,D. Brandon,2018-02-02,http://www.andymark.com/Power-Up-p/am-2018frc.htm, ,
271,SP-06-012,McMaster-Carr,6529K11,Bevel Gear,J. Bassett,2018-02-03,https://www.mcmaster.com/, ,
272,SP-06-013,Vex Pro,217-3223,"66t Aluminum Spur Gear (20 DP, 1/2"" Hex Bore, VersaKeys)",K. Dominguez,2018-02-03,https://www.vexrobotics.com/vexpro/motion/vexpro-gears/1-2-hex-bore.html, ,
273,SP-06-014,Vex Pro,217-2707,"40t Aluminum Spur Gear (20 DP, 3/8"" Hex Bore)",K. Dominguez,2018-02-03,https://www.vexrobotics.com/vexpro/motion/vexpro-gears/3-8-hex-bore.html, ,
274,SP-07-013,McMaster-Carr,5972K41,"Ball Bearing - Double Sealed, for 10 mm Shaft Diameter, 30 mm OD, 9 mm Wide",K. Dominguez,2018-02-03,https://www.mcmaster.com/, ,
275,SP-16-009,McMaster-Carr,92320A367,"3/4"" SS Spacer - 1/4"" Round",D. Fieldhouse,2018-02-03,https://www.mcmaster.com/, ,
276,SP-02-021,Andy Mark,am-3493,Bosch Seat Motor,J. Bassett,2018-02-05,http://www.andymark.com/product-p/am-3493.htm, ,
277,SP-03-026,Vex Pro,Multiple,"One Stage VEX Gearbox with 775 Motor, V2",D. Brandon,2018-02-05,https://www.vexrobotics.com/vexpro/motion/gearboxes/versaplanetary.html, ,
278,SP-03-027,Vex Pro,217-2895,1/2 Round Output Shaft with Keyway,D. Brandon,2018-02-05,https://www.vexrobotics.com/vexpro/motion/gearboxes/versaplanetary.html, ,
279,SP-03-028,Vex Pro,217-5046,Entegrated Encoder for Vex Pro Gear Box,D. Brandon,2018-02-05,, ,Remvoed Local File Link
280,SP-03-029,Vex Pro,217-2816,Ring Gear Section for building Vex Pro Gearbox,D. Brandon,2018-02-05,, ,Remvoed Local File Link
281,SP-03-030,Vex Pro,217-4347,Vex Pro Gear Box End for 775 Motor,D. Brandon,2018-02-05,, ,Remvoed Local File Link
282,SP-03-031,Vex Pro,Multiple,Two Stage Gear Box with 775 Motor and Encoder,D. Brandon,2018-02-05,, ,Remvoed Local File Link
283,SP-05-029,West Coast Products,971,Hall Effect Sensor Board,U. Unknown,2018-02-05,http://www.wcproducts.net/wcp-0971, ,
284,SP-05-030,West Coast Products,0971a,Round Magnite for Hall Effect Sensor,D. Brandon,2018-02-05,http://www.wcproducts.net/wcp-0971, ,
285,SP-06-015,McMaster-Carr,57545K527,1/2 Worm Gear,D. Brandon,2018-02-05,https://www.mcmaster.com/, ,
286,SP-06-016,McMaster-Carr,57545K511,"Mate Gear for Worm 1:18 1/2""",D. Brandon,2018-02-05,https://www.mcmaster.com/, ,
287,SP-08-011,Andy Mark,am-0077a,"1/2"" Hub with 1/8 Keyway",D. Brandon,2018-02-05,http://www.andymark.com/Hubs-s/215.htm, ,
288,SP-99-010,West Coast Products,971,Hall Effect Sensor Board,D. Brandon,2018-02-05,http://www.wcproducts.net/wcp-0971, ,
289,SP-06-017,Vex Pro,2217-3123,36t gear 3/8 hex,B. Long,2018-02-06,https://www.vexrobotics.com/3-8-hex-bore.html, ,
290,SP-13-017,McMaster-Carr,91559A578,Shoulder Bolt,D. Brandon,2018-02-06,, ,Remvoed Local File Link
291,SP-13-018,McMaster-Carr,91255A190,"#8 Button Head Screew, 1/4"" long",D. Brandon,2018-02-06,, ,Remvoed Local File Link
292,SP-13-019,McMaster-Carr,91255a191,"#8 Button Head Screew 5/16"" Long",D. Brandon,2018-02-06,, ,Remvoed Local File Link
293,SP-13-020,McMaster-Carr,91255A189,#8 Button Head Screw,D. Brandon,2018-02-06,, ,Remvoed Local File Link
294,SP-05-031,Andy Mark,AM-2854,Talon SRX,D. Brandon,2018-02-07,, ,Remvoed Local File Link
295,SP-05-032,Andy Mark,AM-3205,Radio for 2018,D. Brandon,2018-02-07,, ,Remvoed Local File Link
296,SP-05-033,Amazon,Raspberry Pi 3,Raspberry Pi,D. Brandon,2018-02-07,, ,Remvoed Local File Link
297,SP-05-034,Amazon,TP-Link 5 Port,5 Port Router,D. Brandon,2018-02-07,https://www.amazon.com/dp/B000FNFSPY/ref=psdc_281414_t1_B06XQSW7Z6, ,
298,SP-03-032,Vex Pro,217-3141,VersaPlanetary Dual Motor Input (for 775),K. Dominguez,2018-02-08,https://www.vexrobotics.com/vexpro/motion/gearboxes/217-3141.html, ,
299,SP-01-009,????,????,????,U. Unknown,2015-02-21,, ,Added bogus date (between other parts)
300,SP-07-003,AST Bearings,???,???,U. Unknown,2014-01-28,, ,Added bogus date (between other parts)
301,SP-99-003,McMaster-Carr,60585K19,80/20 Slider,U. Unknown,2015-02-10,, ,Added bogus date (between other parts)
302,SP-14-005,????,????,????,U. Unknown,2015-01-27,, ,Added bogus date (between other parts)
303,SP-14-006,????,????,????,U. Unknown,2015-01-27,, ,Added bogus date (between other parts)
304,SP-14-007,????,????,????,U. Unknown,2015-01-27,, ,Added bogus date (between other parts)
305,SP-14-008,????,????,????,U. Unknown,2015-01-27,, ,Added bogus date (between other parts)
306,SP-14-009,????,????,????,U. Unknown,2015-01-27,, ,Added bogus date (between other parts)
307,SP-14-010,????,????,????,U. Unknown,2015-01-27,, ,Added bogus date (between other parts)
308,SP-15-006,????,????,????,U. Unknown,2017-01-26,, ,Added bogus date (between other parts)
309,SP-15-007,????,????,????,U. Unknown,2017-01-26,, ,Added bogus date (between other parts)
310,SP-10-029,McMaster-Carr,6648K912,Nonrotating NFPA Tie Rod Air Cylinder,B. Long,2017-02-28,https://www.mcmaster.com/, ,
311,SP-02-011,Andy Mark,AM-0915,PG27 Gearmotor with backshaft,K. Dominguez,2016-02-10,http://www.andymark.com/product-p/am-0915a.htm, ,Added bogus date (between other parts)
312,SP-05-015,Andy Mark,AM-0839,D-Link,K. Dominguez,2015-09-01,http://www.andymark.com/DAP-1522-REV-B-refurbished-p/am-0839_refurb.htm, ,Added bogus date (between other parts)
313,SP-05-016,Rockwell Automation,855PB-B12ME522,Robot Light,K. Dominguez,2015-09-01,http://ab.rockwellautomation.com/signaling-devices/panel-mount-signaling-alarms, ,Added bogus date (between other parts)
314,SP-05-017,Eaton's Bussman Business,CB185-120,Main Breaker,K. Dominguez,2015-09-01,http://www.cooperindustries.com/content/public/en/bussmann/consumer/products/automotive_circuitprotectionprdandacc/automotive_marinecircuitbreakers/High_Amp_Marine.html, ,Added bogus date (between other parts)
315,SP-05-018,McMaster-Carr,8054T17,"Wire Spool, 14 Gage, 25ft",K. Dominguez,2015-09-01,http://www.mcmaster.com/, ,Added bogus date (between other parts)
316,SP-05-019,McMaster-Carr,8054T18,"Wire Spool, 12 Gage, 25ft",K. Dominguez,2015-09-01,http://www.mcmaster.com/, ,Added bogus date (between other parts)
317,SP-05-026,Digi-Key,Grayhill - 63R256,Optical Encoder,K. Dominguez,2018-01-01,http://www.digikey.com/product-detail/en/grayhill-inc/63R256/GH3070-ND/304479, ,Added bogus date (between other parts)
318,SP-10-006,Andy Mark,AM-2649,"Pneumatic Tank, Clipper",K. Dominguez,2016-01-01,http://www.andymark.com/product-p/am-2649.htm, ,Added bogus date (between other parts)
319,SP-10-007,Andy Mark,AM-2008,Pneumatic Tank Holder,K. Dominguez,2016-01-01,http://www.andymark.com/product-p/am-2008.htm, ,Added bogus date (between other parts)
320,SP-10-008,Andy Mark,AM-2304,"Valve Pack, Single Solenoid 12 Volt Festo",K. Dominguez,2016-01-01,http://www.andymark.com/product-p/am-2304.htm, ,Added bogus date (between other parts)
321,SP-10-009,Andy Mark,AM-2002,Norgren relief valve,K. Dominguez,2016-01-01,http://www.andymark.com/product-p/am-2002.htm, ,Added bogus date (between other parts)
322,SP-10-010,Andy Mark,AM-2020,Norgren Regulator and Bracket,K. Dominguez,2016-01-01,http://www.andymark.com/product-p/am-2020.htm, ,Added bogus date (between other parts)
323,SP-10-011,Andy Mark,AM-2003,Norgren pressure gauge,K. Dominguez,2016-01-01,http://www.andymark.com/product-p/am-2003.htm, ,Added bogus date (between other parts)
324,SP-10-012,Andy Mark,AM-2034,"Air Cylinder, 3/4"" bore, 7"" stroke",K. Dominguez,2016-01-01,http://www.andymark.com/product-p/am-2034.htm, ,Added bogus date (between other parts)
325,SP-10-013,Andy Mark,AM-2006,Nason Pressure Switch,K. Dominguez,2016-01-01,http://www.andymark.com/product-p/am-2006.htm, ,Added bogus date (between other parts)
326,SP-10-014,Andy Mark,AM-2137,Pneumatic Tubing (20m),K. Dominguez,2016-01-01,http://www.andymark.com/product-p/am-2137.htm, ,Added bogus date (between other parts)
327,SP-99-005,Home Depot,99944200900,Weedwacker Head,K. Dominguez,2016-01-01,http://www.homedepot.com/p/ECHO-U-Turn-Replacement-Trimmer-Head-for-String-Trimmer-99944200900/202353172, ,Added bogus date (between other parts)
328,SP-03-033,Vex Pro,217-2820,VEX 775 3 STAGE GEAR BOX,S. Wang,2018-02-08,https://www.vexrobotics.com/versaplanetary.html, ,
329,SP-02-022,Vex Pro,217-2897,VersaPlanatory 1/2 Hex Output,S. Wang,2018-02-08,https://www.vexrobotics.com/versaplanetary.html, ,
330,SP-01-026,Vex Pro,217-4054,"Colson Performa (4"" x 2"", 1/2"" Hex Bore)",K. Dominguez,2018-02-08,https://www.vexrobotics.com/vexpro/motion/wheels-and-hubs/colsonperforma.html, ,
331,SP-06-018,Vex Pro,217-2703,"24T 3/8"" Bore Gear",D. Brandon,2018-02-14,https://www.vexrobotics.com/vexpro/motion/vexpro-gears/3-8-hex-bore.html, ,
332,SP-06-019,Vex Pro,217-2715,"64T, 1/2 Hex Bore Gear",D. Brandon,2018-02-14,https://www.vexrobotics.com/vexpro/motion/vexpro-gears/1-2-hex-bore.html, ,
333,SP-01-027,West Coast Products,WCP-0134,"2"" Straight Flex Wheel (Silicone Rubber, 1/2"" Hex Bore)",S. Wang,2018-02-16,http://www.wcproducts.net/WCP-0134, ,
334,SP-10-041,Vex Pro,217-2951 & 217-2948,Pneumatic Solenoids & Manifold,B. Long,2018-02-17,https://www.vexrobotics.com/vexpro/pneumatics/solenoids-and-manifolds.html, ,
335,SP-10-042,McMaster-Carr,6498K5,"Round Body Air Cylinder Double-Acting, Universal Mount, 7/16"" Bore Size, 8"" Stroke",K. Dominguez,2018-02-26,https://www.mcmaster.com/, ,
336,SP-01-028,Andy Mark,am-2948,FTC 4 in. Aluminum Omni Wheel With 8mm Bore (am-2948),S. Wang,2018-02-27,https://www.andymark.com/4-inch-aluminum-omni-wheel-8mm-bore-p/am-2948.htm, ,
337,SP-10-043,McMaster-Carr,6498K32,"Round Body Air Cylinder Double-Acting, Universal Mount, 7/16"" Bore, 2-1/2"" Stroke",K. Dominguez,2018-03-01,https://www.mcmaster.com/, ,
338,SP-11-010,Vex Pro,217-3472,70t x 15mm Wide Timing Belt (HTD 5mm),K. Dominguez,2018-03-01,https://www.vexrobotics.com/htdbelts15.html, ,
339,SP-09-013,Andy Mark,am-3623,24T .5 hex sprocket w hub,B. Long,2018-03-02,https://www.andymark.com/Sprocket-p/am-3623.htm, ,
340,SP-09-014,Andy Mark,am-0749,16T .5 hex hubbed sproc,B. Long,2018-03-02,https://www.andymark.com/product-p/am-0749.htm, ,
341,SP-05-035,Mouser,V-10G3-1C24-K,Snap Action Switches Long hinge levr SPDT 10 A,K. Dominguez,2018-03-03,https://www.mouser.com/ProductDetail/?qs=HDDQUw%2F3PhoF5nolcSKaKA%3D%3D, ,
342,SP-10-044,McMaster-Carr,6498K644,"Double-Acting, Universal Mount, 7/16"" Bore Size, 12"" Stroke",S. Wang,2018-03-13,https://www.mcmaster.com/, ,
343,SP-17-008,Andy Mark,am-0588,8mm to Hex Adapter,D. Brandon,2018-03-15,http://www.andymark.com/8mm-Keyed-Bore-1-2-Inch-Hex-Adapter-p/am-0588.htm, ,
344,SP-99-011,McMaster-Carr,,Lost Part???,D. Brandon,2018-03-15,, ,
345,SP-99-012,McMaster-Carr,2406T660,"3"" Caster with Brake",D. Brandon,2018-03-15,https://www.mcmaster.com/, ,
346,SP-99-013,VCHS School,School_01,PLTW Laptop in open configuration,D. Brandon,2018-03-15,, ,Remvoed Local File Link
347,SP-13-021,McMaster-Carr,91247A820,7 inch bolt 5/8 thickness,J. Bassett,2018-04-10,https://www.mcmaster.com/, ,